title,url,source,snippet,found_date,published_at,image_url,source_group,feed_source,importance_score,importance_reason
(+) Desse eigedomane i Kvam fekk ny eigar i september,https://www.hf.no/nyhende/heimelsbyte-i-kvam/380532,hf.no,"Byrkjesetevegen 300 (Gnr 21, bnr 664) er seld for kr 2.200.000 frå Ole Bjørnar Melkevik til Christin ...",2026-10-10,2026-10-08T15:02:00+00:00,https://image.hf.no/391003.jpg?imageId=391003&x=0&y=0&cropw=100&croph=100&panox=0&panoy=0&panow=100&panoh=100&width=1200&height=683,core,Google News RSS,6,Kildescore 5 for hf.no; Temaord: veg
Fekk åtvaring etter dette,https://www.hf.no/nyhende/fekk-atvaring-etter-arbeid/390513,hf.no,"Kvam herad meiner arbeidet med den planlagde ladestasjonen på Jonshøgdi vart sett i gang utan byggjeløyve. Johan Skeie AS får skriftleg åtvaring, men slepp gebyr.",2026-10-10,2026-10-06T10:27:39+00:00,https://image.hf.no/390518.jpg?imageId=390518&x=0&y=0&cropw=100&croph=100&panox=0&panoy=0&panow=100&panoh=100&width=1200&height=683,core,Hordaland Folkeblad nyhende,5,Kildescore 5 for hf.no
Norheimsund: Se hva nye hytteeier måtte legge på bordet for 80 kvadratmeter,https://www.bt.no/husoghjem/hyttesalg/i/lKzPEG/norheimsund-se-hva-nye-hytteeier-maatte-legge-paa-bordet-for-80-kvadratmeter,bt.no,Norheimsund: Se hva nye hytteeier måtte legge på bordet for 80 kvadratmeter Bergens Tidende,2026-10-10,2026-10-06T07:02:46+00:00,https://cdn.bt.no/bt/BT-share.jpeg,core,Google News RSS,6,Kildescore 5 for bt.no; Temaord: hytte
(+) – Må vera ein føresetnad,https://www.hf.no/nyhende/ladestasjon-ma-fora-til-lagare-fartsgrense/390108,hf.no,"Kvamskogen Vel er positiv til ein ladestasjon for elbilar på Kvamskogen, men meiner tiltaket ikkje må råka tilgjengelege parkeringsplassar eller låglandløypa.",2026-10-10,2026-10-04T18:03:00+00:00,https://image.hf.no/389510.jpg?imageId=389510&x=0&y=0&cropw=100&croph=100&panox=0&panoy=0&panow=100&panoh=100&width=1200&height=683,core,Google News RSS,6,Kildescore 5 for hf.no; Temaord: Kvamskogen Vel
(+) – Marknaden gjekk kjempebra,https://www.hf.no/nyhende/vellukka-marknadsdag/389817,hf.no,Folk strøymde til då Hege Helgesen innbaud til haustmarknad på Kvamskogen.,2026-10-10,2026-09-30T07:00:00+00:00,https://image.hf.no/389822.jpg?imageId=389822&x=0&y=0&cropw=100&croph=100&panox=0&panoy=0&panow=100&panoh=100&width=1200&height=683,core,Google News RSS,5,Kildescore 5 for hf.no
(+) Får nytt underlag på Kvamskogen,https://www.hf.no/nyhende/atte-kilometer-nytt-underlag/389582,hf.no,"Det går føre seg asfaltering på ei strekning på om lag åtte kilometer av vegen over Kvamskogen, frå ...",2026-10-10,2026-09-27T15:03:00+00:00,https://image.hf.no/389591.jpg?imageId=389591&x=0&y=0&cropw=100&croph=100&panox=0&panoy=0&panow=100&panoh=100&width=1200&height=683,core,Google News RSS,6,Kildescore 5 for hf.no; Temaord: veg
(+) Vil ikkje godta enklare vegløysing på Kvamskogen,https://www.hf.no/nyhende/held-fast-pa-vegkrav/384624,hf.no,Statens vegvesen vil ikkje opna for meir hyttebygging på Kvamskogen før kravet om bygging av forenkl ...,2026-10-10,2026-08-25T07:00:00+00:00,https://image.hf.no/318884.jpg?imageId=318884&x=0&y=0&cropw=100&croph=100&panox=0&panoy=0&panow=100&panoh=100&width=1200&height=683,core,Google News RSS,7,"Kildescore 5 for hf.no; Temaord: veg, hytte"
(+) – Framleis bra med parkering,https://www.hf.no/nyhende/ser-forebels-lyst-pa-ladestasjon/382445,hf.no,Rådmannen meiner fordelane med den planlagde ladestasjonen på Jonshøgdi ser ut til å vera større enn ulempene. Saka er send på høyring.,2026-10-10,2026-08-04T07:00:00+00:00,https://image.hf.no/380938.jpg?imageId=380938&x=0&y=0&cropw=100&croph=100&panox=0&panoy=0&panow=100&panoh=100&width=1200&height=683,core,Google News RSS,6,Kildescore 5 for hf.no; Temaord: høyring
(+) Motorsyklist lettare skadd i ulukke i Kvam,https://www.hf.no/nyhende/motorsykkel-koyrde-av-vegen/382163,hf.no,Ein motorsyklist køyrde av fylkesveg 49 ved Måvotsvatnet på Kvamskogen tysdag ettermiddag. Det opply ...,2026-10-10,2026-07-29T07:00:00+00:00,https://image.hf.no/382168.jpg?imageId=382168&x=0&y=20.83&cropw=100&croph=71.67&panox=0&panoy=20.83&panow=100&panoh=71.67&width=1200&height=683,core,Google News RSS,6,Kildescore 5 for hf.no; Temaord: veg
